No	PHEL	pH	pE	pL
1	L	0	0	9
2	L	0	0	8
3	L	0	1	7
4	L	0	1	7
5	L	0	1	7
6	L	0	1	7
7	L	0	1	8
8	L	0	0	9
9	L	0	0	8
10	L	2	1	6
11	L	2	0	6
12	L	2	2	5
13	L	1	4	4
14	E	0	5	3
15	E	0	6	2
16	E	0	6	2
17	E	1	5	2
18	E	1	5	3
19	L	0	3	5
20	L	1	2	5
21	L	1	1	6
22	H	5	0	3
23	H	7	0	2
24	H	8	0	1
25	H	8	0	0
26	H	8	0	1
27	H	8	0	1
28	H	8	0	0
29	H	9	0	0
30	H	9	0	0
31	H	8	0	0
32	H	8	0	1
33	H	8	0	1
34	H	7	0	1
35	H	6	0	2
36	H	5	0	4
37	H	5	0	4
38	H	5	0	4
39	H	5	0	3
40	H	5	0	3
41	H	7	0	2
42	H	7	0	2
43	H	7	1	1
44	H	6	1	1
45	H	6	1	1
46	H	4	2	3
47	H	4	1	3
48	L	3	1	5
49	L	2	0	6
50	L	1	0	7
51	L	1	0	8
52	L	0	0	9
53	H	6	0	3
54	H	8	0	1
55	H	8	0	1
56	H	7	0	1
57	H	7	0	1
58	H	6	0	2
59	H	5	0	4
60	L	2	0	6
61	L	4	0	5
62	H	6	1	2
63	H	6	1	2
64	H	7	0	1
65	H	9	0	0
66	H	8	0	0
67	H	9	0	0
68	H	9	0	0
69	H	9	0	0
70	H	9	0	0
71	H	9	0	0
72	H	9	0	0
73	H	9	0	0
74	H	9	0	0
75	H	9	0	0
76	H	8	0	1
77	H	8	0	1
78	H	7	0	2
79	H	8	0	1
80	H	8	0	1
81	H	8	0	1
82	H	8	0	1
83	H	8	0	1
84	H	8	0	1
85	H	9	0	0
86	H	8	0	0
87	H	8	0	0
88	H	8	0	1
89	H	7	0	1
90	H	6	0	3
91	L	4	0	5
92	L	2	0	6
93	L	2	0	6
94	H	5	0	3
95	H	6	0	2
96	H	7	0	1
97	H	8	0	1
98	H	7	0	1
99	H	7	0	2
100	H	6	0	3
101	H	5	0	3
102	H	6	0	3
103	H	6	0	3
104	H	7	0	2
105	H	7	0	1
106	H	7	0	2
107	H	7	0	1
108	H	7	0	1
109	H	8	0	1
110	H	8	0	1
111	H	7	0	1
112	H	8	0	0
113	H	7	0	1
114	H	6	0	2
115	H	4	1	4
116	L	2	0	6
117	L	2	1	5
118	L	1	3	5
119	L	1	2	5
120	L	1	2	6
121	L	0	2	6
122	L	1	1	6
123	L	1	0	7
124	L	2	1	5
125	L	2	2	5
126	L	1	2	6
127	L	2	2	5
128	L	1	3	4
129	L	1	4	4
130	L	1	4	3
131	L	1	3	4
132	L	2	2	5
133	L	2	1	5
134	L	1	1	6
135	L	0	1	8
136	L	0	0	8
137	L	0	0	8
138	L	0	0	8
139	L	0	0	8
140	L	0	0	8
141	L	1	1	7
142	L	1	1	6
143	L	1	1	6
144	L	2	1	6
145	L	1	1	6
146	L	1	1	6
147	L	0	1	8
148	L	0	0	8
149	L	0	0	8
150	L	0	0	8
151	L	0	0	8
152	L	1	0	8
153	L	0	0	8
154	L	0	1	8
155	L	1	0	7
156	L	1	0	7
157	L	1	0	7
158	L	0	1	7
159	L	0	1	8
160	L	2	0	6
161	L	2	1	6
162	L	2	1	5
163	L	2	1	6
164	L	1	1	6
165	L	1	2	6
166	L	1	4	4
167	E	1	4	4
168	E	1	4	3
169	E	0	6	2
170	E	0	6	2
171	E	0	4	4
172	L	0	0	9
